/* Suppression */
DELETE FROM USERS_AUTHORITIES;
DELETE FROM AUTHORITY;
DELETE FROM USER_;

/*Création des roles disponibles*/
INSERT INTO AUTHORITY(ID, NAME) VALUES (1, 'RSP_USER_CREATE');
INSERT INTO AUTHORITY(ID, NAME) VALUES (2, 'RSP_USER_READ');
INSERT INTO AUTHORITY(ID, NAME) VALUES (3, 'RSP_USER_UPDATE');
INSERT INTO AUTHORITY(ID, NAME) VALUES (4, 'RSP_USER_DELETE');

INSERT INTO AUTHORITY(ID, NAME) VALUES (5, 'RSP_ADMIN_CREATE');
INSERT INTO AUTHORITY(ID, NAME) VALUES (6, 'RSP_ADMIN_READ');
INSERT INTO AUTHORITY(ID, NAME) VALUES (7, 'RSP_ADMIN_UPDATE');
INSERT INTO AUTHORITY(ID, NAME) VALUES (8, 'RSP_ADMIN_DELETE');

/* Utilisateurs test*/
INSERT INTO USER_(ID, USER_NAME, PASSWORD, ACCOUNT_EXPIRED, ACCOUNT_LOCKED, CREDENTIALS_EXPIRED, ENABLED)
  VALUES (1, 'admin@gmail.com', /*password*/'{bcrypt}$2a$10$D4OLKI6yy68crm.3imC9X.P2xqKHs5TloWUcr6z5XdOqnTrAK84ri', FALSE, FALSE, FALSE, TRUE);

INSERT INTO USER_(ID, USER_NAME, PASSWORD, ACCOUNT_EXPIRED, ACCOUNT_LOCKED, CREDENTIALS_EXPIRED, ENABLED)
  VALUES (2, 'user@gmail.com', /*password*/'{bcrypt}$2a$10$D4OLKI6yy68crm.3imC9X.P2xqKHs5TloWUcr6z5XdOqnTrAK84ri', FALSE, FALSE, FALSE, TRUE);

/* Roles associés aux users*/
INSERT INTO USERS_AUTHORITIES(USER_ID, AUTHORITY_ID) VALUES (1, 1);
INSERT INTO USERS_AUTHORITIES(USER_ID, AUTHORITY_ID) VALUES (1, 2);
INSERT INTO USERS_AUTHORITIES(USER_ID, AUTHORITY_ID) VALUES (1, 3);
INSERT INTO USERS_AUTHORITIES(USER_ID, AUTHORITY_ID) VALUES (1, 4);
INSERT INTO USERS_AUTHORITIES(USER_ID, AUTHORITY_ID) VALUES (1, 5);
INSERT INTO USERS_AUTHORITIES(USER_ID, AUTHORITY_ID) VALUES (1, 6);
INSERT INTO USERS_AUTHORITIES(USER_ID, AUTHORITY_ID) VALUES (1, 7);
INSERT INTO USERS_AUTHORITIES(USER_ID, AUTHORITY_ID) VALUES (1, 8);

INSERT INTO USERS_AUTHORITIES(USER_ID, AUTHORITY_ID) VALUES (2, 1);
INSERT INTO USERS_AUTHORITIES(USER_ID, AUTHORITY_ID) VALUES (2, 2);
INSERT INTO USERS_AUTHORITIES(USER_ID, AUTHORITY_ID) VALUES (2, 3);
INSERT INTO USERS_AUTHORITIES(USER_ID, AUTHORITY_ID) VALUES (2, 4);